{
  "lines": [
    "PD CLEANER 000111202690 $99.98J",
    "CD BLCKBERRY062100010310",
    "1000 m1@$6.97/m$697J",
    "HALALY0GURT068200357500C$2.97D",
    "BEEF STRIPS220055000000",
    "0.515k9@$20.87/k9 $10.75D",
    "GVASIAN ST628915751760 $2.47",
    "GVBABYVEFE628915751740 $2.47D",
    "POLAP1.5827854007870 $3.97J",
    "MULTIDISCOUNT",
    "MMPCHPNCH0059600061740 $.67",
    "MM PNKLEM0N 059600061770 $1.67D",
    "MM PCH PNCH059600061740 $1.67",
    "MMDRINKS3FOR$3 234L $201",
    "SUBTOTAL $132.58",
    "HST13.0000% $14.42",
    "TOTAL $147.00"
  ],
  "meta": {
    "zone_width": 813.0,
    "zone_height": 982.0,
    "line_threshold": 30,
    "detection_threshold": 0.8
  },
  "raw_results": [
    [
      [
        [
          65.0,
          36.0
        ],
        [
          260.0,
          36.0
        ],
        [
          260.0,
          73.0
        ],
        [
          65.0,
          73.0
        ]
      ],
      [
        "PD CLEANER",
        0.9496608972549438
      ]
    ],
    [
      [
        [
          310.0,
          39.0
        ],
        [
          543.0,
          39.0
        ],
        [
          543.0,
          71.0
        ],
        [
          310.0,
          71.0
        ]
      ],
      [
        "000111202690",
        0.9958705306053162
      ]
    ],
    [
      [
        [
          637.0,
          39.0
        ],
        [
          794.0,
          39.0
        ],
        [
          794.0,
          73.0
        ],
        [
          637.0,
          73.0
        ]
      ],
      [
        "$99.98J",
        0.9626669883728027
      ]
    ],
    [
      [
        [
          68.0,
          90.0
        ],
        [
          541.0,
          90.0
        ],
        [
          541.0,
          121.0
        ],
        [
          68.0,
          121.0
        ]
      ],
      [
        "CD BLCKBERRY062100010310",
        0.9656941890716553
      ]
    ],
    [
      [
        [
          79.0,
          135.0
        ],
        [
          798.0,
          135.0
        ],
        [
          798.0,
          185.0
        ],
        [
          79.0,
          185.0
        ]
      ],
      [
        "1000 m1@$6.97/m$697J",
        0.914960503578186
      ]
    ],
    [
      [
        [
          63.0,
          181.0
        ],
        [
          798.0,
          185.0
        ],
        [
          798.0,
          230.0
        ],
        [
          63.0,
          226.0
        ]
      ],
      [
        "HALALY0GURT068200357500C$2.97D",
        0.965620219707489
      ]
    ],
    [
      [
        [
          68.0,
          235.0
        ],
        [
          541.0,
          235.0
        ],
        [
          541.0,
          267.0
        ],
        [
          68.0,
          267.0
        ]
      ],
      [
        "BEEF STRIPS220055000000",
        0.9647424221038818
      ]
    ],
    [
      [
        [
          89.0,
          288.0
        ],
        [
          486.0,
          288.0
        ],
        [
          486.0,
          320.0
        ],
        [
          89.0,
          320.0
        ]
      ],
      [
        "0.515k9@$20.87/k9",
        0.9555180668830872
      ]
    ],
    [
      [
        [
          639.0,
          286.0
        ],
        [
          794.0,
          286.0
        ],
        [
          794.0,
          320.0
        ],
        [
          639.0,
          320.0
        ]
      ],
      [
        "$10.75D",
        0.9764758944511414
      ]
    ],
    [
      [
        [
          68.0,
          335.0
        ],
        [
          541.0,
          335.0
        ],
        [
          541.0,
          366.0
        ],
        [
          68.0,
          366.0
        ]
      ],
      [
        "GVASIAN ST628915751760",
        0.9623152017593384
      ]
    ],
    [
      [
        [
          656.0,
          333.0
        ],
        [
          800.0,
          333.0
        ],
        [
          800.0,
          372.0
        ],
        [
          656.0,
          372.0
        ]
      ],
      [
        "$2.47",
        0.9790908098220825
      ]
    ],
    [
      [
        [
          67.0,
          383.0
        ],
        [
          549.0,
          385.0
        ],
        [
          548.0,
          419.0
        ],
        [
          66.0,
          417.0
        ]
      ],
      [
        "GVBABYVEFE628915751740",
        0.9711121916770935
      ]
    ],
    [
      [
        [
          654.0,
          381.0
        ],
        [
          796.0,
          381.0
        ],
        [
          796.0,
          420.0
        ],
        [
          654.0,
          420.0
        ]
      ],
      [
        "$2.47D",
        0.8968318104743958
      ]
    ],
    [
      [
        [
          68.0,
          434.0
        ],
        [
          545.0,
          434.0
        ],
        [
          545.0,
          465.0
        ],
        [
          68.0,
          465.0
        ]
      ],
      [
        "POLAP1.5827854007870",
        0.9654948115348816
      ]
    ],
    [
      [
        [
          657.0,
          432.0
        ],
        [
          795.0,
          428.0
        ],
        [
          796.0,
          467.0
        ],
        [
          658.0,
          471.0
        ]
      ],
      [
        "$3.97J",
        0.9638527035713196
      ]
    ],
    [
      [
        [
          608.0,
          478.0
        ],
        [
          833.0,
          476.0
        ],
        [
          833.0,
          503.0
        ],
        [
          608.0,
          505.0
        ]
      ],
      [
        "pea-oxcobnou",
        0.5891055464744568
      ]
    ],
    [
      [
        [
          21.0,
          508.0
        ],
        [
          290.0,
          518.0
        ],
        [
          289.0,
          555.0
        ],
        [
          20.0,
          545.0
        ]
      ],
      [
        "one2GLOuapcnen",
        0.5526946187019348
      ]
    ],
    [
      [
        [
          275.0,
          527.0
        ],
        [
          550.0,
          529.0
        ],
        [
          550.0,
          566.0
        ],
        [
          275.0,
          564.0
        ]
      ],
      [
        "MULTIDISCOUNT",
        0.9868532419204712
      ]
    ],
    [
      [
        [
          52.0,
          635.0
        ],
        [
          587.0,
          635.0
        ],
        [
          587.0,
          662.0
        ],
        [
          52.0,
          662.0
        ]
      ],
      [
        "MMPCHPNCH0059600061740",
        0.9471634030342102
      ]
    ],
    [
      [
        [
          639.0,
          632.0
        ],
        [
          778.0,
          632.0
        ],
        [
          778.0,
          665.0
        ],
        [
          639.0,
          665.0
        ]
      ],
      [
        "$.67",
        0.8770476579666138
      ]
    ],
    [
      [
        [
          50.0,
          680.0
        ],
        [
          530.0,
          680.0
        ],
        [
          530.0,
          712.0
        ],
        [
          50.0,
          712.0
        ]
      ],
      [
        "MM PNKLEM0N 059600061770",
        0.9461414813995361
      ]
    ],
    [
      [
        [
          635.0,
          677.0
        ],
        [
          782.0,
          672.0
        ],
        [
          783.0,
          714.0
        ],
        [
          636.0,
          718.0
        ]
      ],
      [
        "$1.67D",
        0.8851657509803772
      ]
    ],
    [
      [
        [
          50.0,
          727.0
        ],
        [
          528.0,
          729.0
        ],
        [
          528.0,
          766.0
        ],
        [
          50.0,
          764.0
        ]
      ],
      [
        "MM PCH PNCH059600061740",
        0.950995922088623
      ]
    ],
    [
      [
        [
          639.0,
          721.0
        ],
        [
