{
  "lines": [
    "Nashville Hot Chicken Sandwich {C $15.98",
    "-TopIt",
    "Everything Regular",
    "-ChooseYour Side",
    "SweetPotatu Fries $1.00",
    "Juicy Lucy on FireCombo $18.98",
    "-Top It",
    "Everything Regular",
    "-Choose Your Side",
    "Fresh Cut Fries",
    "Subtotal: $35.96",
    "Total Discount: $0.00",
    "HST: $4.68",
    "$0.00",
    "Total: $40.64"
  ],
  "meta": {
    "zone_width": 824.0,
    "zone_height": 866.0,
    "line_threshold": 30,
    "detection_threshold": 0.8
  },
  "raw_results": [
    [
      [
        [
          44.0,
          84.0
        ],
        [
          861.0,
          84.0
        ],
        [
          861.0,
          116.0
        ],
        [
          44.0,
          116.0
        ]
      ],
      [
        "Nashville Hot Chicken Sandwich {C $15.98",
        0.942252516746521
      ]
    ],
    [
      [
        [
          63.0,
          131.0
        ],
        [
          211.0,
          131.0
        ],
        [
          211.0,
          170.0
        ],
        [
          63.0,
          170.0
        ]
      ],
      [
        "-TopIt",
        0.9855836033821106
      ]
    ],
    [
      [
        [
          81.0,
          181.0
        ],
        [
          447.0,
          181.0
        ],
        [
          447.0,
          219.0
        ],
        [
          81.0,
          219.0
        ]
      ],
      [
        "Everything Regular",
        0.9813064932823181
      ]
    ],
    [
      [
        [
          70.0,
          232.0
        ],
        [
          410.0,
          232.0
        ],
        [
          410.0,
          263.0
        ],
        [
          70.0,
          263.0
        ]
      ],
      [
        "-ChooseYour Side",
        0.9457935094833374
      ]
    ],
    [
      [
        [
          85.0,
          282.0
        ],
        [
          451.0,
          282.0
        ],
        [
          451.0,
          314.0
        ],
        [
          85.0,
          314.0
        ]
      ],
      [
        "SweetPotatu Fries",
        0.9280763864517212
      ]
    ],
    [
      [
        [
          759.0,
          277.0
        ],
        [
          868.0,
          277.0
        ],
        [
          868.0,
          316.0
        ],
        [
          759.0,
          316.0
        ]
      ],
      [
        "$1.00",
        0.9982978105545044
      ]
    ],
    [
      [
        [
          44.0,
          376.0
        ],
        [
          574.0,
          376.0
        ],
        [
          574.0,
          413.0
        ],
        [
          44.0,
          413.0
        ]
      ],
      [
        "Juicy Lucy on FireCombo",
        0.9441009759902954
      ]
    ],
    [
      [
        [
          734.0,
          372.0
        ],
        [
          861.0,
          376.0
        ],
        [
          860.0,
          411.0
        ],
        [
          733.0,
          407.0
        ]
      ],
      [
        "$18.98",
        0.9957321286201477
      ]
    ],
    [
      [
        [
          61.0,
          425.0
        ],
        [
          210.0,
          420.0
        ],
        [
          211.0,
          459.0
        ],
        [
          62.0,
          464.0
        ]
      ],
      [
        "-Top It",
        0.8930419683456421
      ]
    ],
    [
      [
        [
          83.0,
          473.0
        ],
        [
          449.0,
          473.0
        ],
        [
          449.0,
          510.0
        ],
        [
          83.0,
          510.0
        ]
      ],
      [
        "Everything Regular",
        0.9731607437133789
      ]
    ],
    [
      [
        [
          68.0,
          521.0
        ],
        [
          408.0,
          521.0
        ],
        [
          408.0,
          553.0
        ],
        [
          68.0,
          553.0
        ]
      ],
      [
        "-Choose Your Side",
        0.9372768402099609
      ]
    ],
    [
      [
        [
          81.0,
          570.0
        ],
        [
          388.0,
          572.0
        ],
        [
          388.0,
          606.0
        ],
        [
          81.0,
          604.0
        ]
      ],
      [
        "Fresh Cut Fries",
        0.9690077304840088
      ]
    ],
    [
      [
        [
          412.0,
          716.0
        ],
        [
          595.0,
          716.0
        ],
        [
          595.0,
          751.0
        ],
        [
          412.0,
          751.0
        ]
      ],
      [
        "Subtotal:",
        0.9865286350250244
      ]
    ],
    [
      [
        [
          739.0,
          714.0
        ],
        [
          866.0,
          714.0
        ],
        [
          866.0,
          753.0
        ],
        [
          739.0,
          753.0
        ]
      ],
      [
        "$35.96",
        0.9339866042137146
      ]
    ],
    [
      [
        [
          288.0,
          760.0
        ],
        [
          593.0,
          764.0
        ],
        [
          593.0,
          802.0
        ],
        [
          288.0,
          798.0
        ]
      ],
      [
        "Total Discount:",
        0.966223418712616
      ]
    ],
    [
      [
        [
          757.0,
          764.0
        ],
        [
          868.0,
          764.0
        ],
        [
          868.0,
          804.0
        ],
        [
          757.0,
          804.0
        ]
      ],
      [
        "$0.00",
        0.9933624267578125
      ]
    ],
    [
      [
        [
          512.0,
          813.0
        ],
        [
          597.0,
          813.0
        ],
        [
          597.0,
          848.0
        ],
        [
          512.0,
          848.0
        ]
      ],
      [
        "HST:",
        0.9585174322128296
      ]
    ],
    [
      [
        [
          752.0,
          813.0
        ],
        [
          868.0,
          813.0
        ],
        [
          868.0,
          852.0
        ],
        [
          752.0,
          852.0
        ]
      ],
      [
        "$4.68",
        0.9922094345092773
      ]
    ],
    [
      [
        [
          512.0,
          855.0
        ],
        [
          618.0,
          862.0
        ],
        [
          615.0,
          903.0
        ],
        [
          509.0,
          896.0
        ]
      ],
      [
        "GST:",
        0.7629973888397217
      ]
    ],
    [
      [
        [
          759.0,
          861.0
        ],
        [
          868.0,
          861.0
        ],
        [
          868.0,
          901.0
        ],
        [
          759.0,
          901.0
        ]
      ],
      [
        "$0.00",
        0.9970981478691101
      ]
    ],
    [
      [
        [
          472.0,
          906.0
        ],
        [
          597.0,
          911.0
        ],
        [
          596.0,
          950.0
        ],
        [
          470.0,
          945.0
        ]
      ],
      [
        "Total:",
        0.9716198444366455
      ]
    ],
    [
      [
        [
          739.0,
          910.0
        ],
        [
          868.0,
          910.0
        ],
        [
          868.0,
          949.0
        ],
        [
          739.0,
          949.0
        ]
      ],
      [
        "$40.64",
        0.9929443001747131
      ]
    ]
  ]
}