{
  "lines": [
    "Produce",
    "FRESH CUCUMBERS",
    "2$1.29ea $2.58",
    "MANGOSTEEN",
    "2@$1.69ea. $3.38",
    "GREEN ONIONS",
    "2@$0.99ea, $1.98",
    "ITALIAN PARSLEY $1.29",
    "PASSIONFRUIT $1.69",
    "GREEN CACTUS PEARS $0.79",
    "CANADIAN HOT HOUSE TOATOES",
    "1.311b@$2.49/1b $3.26",
    "TOMATILLO",
    "0.941b@$3.99/1b $3.75",
    "Miscellaneous",
    "Misc N-Tx $4.49",
    "Misc N-Tx",
    "2@$2.49ea $4.98",
    "KRINOS CAPERS $1.99",
    "Bakery",
    "W/WITALIAN STYLE BREAD $2.69",
    "Butcher",
    "CHICKEN $3.39",
    "TOTAL $36.26",
    "Master $36.26",
    "Item count:17"
  ],
  "meta": {
    "zone_width": 801.0,
    "zone_height": 1327.0,
    "line_threshold": 30,
    "detection_threshold": 0.8
  },
  "raw_results": [
    [
      [
        [
          26.0,
          13.0
        ],
        [
          172.0,
          13.0
        ],
        [
          172.0,
          60.0
        ],
        [
          26.0,
          60.0
        ]
      ],
      [
        "Produce",
        0.993476927280426
      ]
    ],
    [
      [
        [
          30.0,
          67.0
        ],
        [
          327.0,
          67.0
        ],
        [
          327.0,
          105.0
        ],
        [
          30.0,
          105.0
        ]
      ],
      [
        "FRESH CUCUMBERS",
        0.9682034254074097
      ]
    ],
    [
      [
        [
          44.0,
          114.0
        ],
        [
          281.0,
          114.0
        ],
        [
          281.0,
          153.0
        ],
        [
          44.0,
          153.0
        ]
      ],
      [
        "2$1.29ea",
        0.9783201217651367
      ]
    ],
    [
      [
        [
          680.0,
          107.0
        ],
        [
          789.0,
          107.0
        ],
        [
          789.0,
          153.0
        ],
        [
          680.0,
          153.0
        ]
      ],
      [
        "$2.58",
        0.9874575734138489
      ]
    ],
    [
      [
        [
          28.0,
          163.0
        ],
        [
          231.0,
          163.0
        ],
        [
          231.0,
          202.0
        ],
        [
          28.0,
          202.0
        ]
      ],
      [
        "MANGOSTEEN",
        0.9974943399429321
      ]
    ],
    [
      [
        [
          44.0,
          215.0
        ],
        [
          286.0,
          215.0
        ],
        [
          286.0,
          254.0
        ],
        [
          44.0,
          254.0
        ]
      ],
      [
        "2@$1.69ea.",
        0.9577369689941406
      ]
    ],
    [
      [
        [
          681.0,
          207.0
        ],
        [
          790.0,
          207.0
        ],
        [
          790.0,
          256.0
        ],
        [
          681.0,
          256.0
        ]
      ],
      [
        "$3.38",
        0.9942359924316406
      ]
    ],
    [
      [
        [
          27.0,
          262.0
        ],
        [
          271.0,
          258.0
        ],
        [
          272.0,
          303.0
        ],
        [
          28.0,
          307.0
        ]
      ],
      [
        "GREEN ONIONS",
        0.9791110157966614
      ]
    ],
    [
      [
        [
          44.0,
          314.0
        ],
        [
          284.0,
          314.0
        ],
        [
          284.0,
          353.0
        ],
        [
          44.0,
          353.0
        ]
      ],
      [
        "2@$0.99ea,",
        0.9291394948959351
      ]
    ],
    [
      [
        [
          679.0,
          307.0
        ],
        [
          789.0,
          302.0
        ],
        [
          791.0,
          349.0
        ],
        [
          681.0,
          354.0
        ]
      ],
      [
        "$1.98",
        0.9961553812026978
      ]
    ],
    [
      [
        [
          30.0,
          361.0
        ],
        [
          347.0,
          361.0
        ],
        [
          347.0,
          400.0
        ],
        [
          30.0,
          400.0
        ]
      ],
      [
        "ITALIAN PARSLEY",
        0.9619473218917847
      ]
    ],
    [
      [
        [
          681.0,
          355.0
        ],
        [
          790.0,
          355.0
        ],
        [
          790.0,
          402.0
        ],
        [
          681.0,
          402.0
        ]
      ],
      [
        "$1.29",
        0.9399019479751587
      ]
    ],
    [
      [
        [
          30.0,
          409.0
        ],
        [
          286.0,
          409.0
        ],
        [
          286.0,
          448.0
        ],
        [
          30.0,
          448.0
        ]
      ],
      [
        "PASSIONFRUIT",
        0.9942037463188171
      ]
    ],
    [
      [
        [
          681.0,
          404.0
        ],
        [
          790.0,
          404.0
        ],
        [
          790.0,
          450.0
        ],
        [
          681.0,
          450.0
        ]
      ],
      [
        "$1.69",
        0.9951695203781128
      ]
    ],
    [
      [
        [
          29.0,
          462.0
        ],
        [
          386.0,
          456.0
        ],
        [
          386.0,
          495.0
        ],
        [
          30.0,
          501.0
        ]
      ],
      [
        "GREEN CACTUS PEARS",
        0.9536461234092712
      ]
    ],
    [
      [
        [
          679.0,
          455.0
        ],
        [
          789.0,
          450.0
        ],
        [
          791.0,
          496.0
        ],
        [
          681.0,
          501.0
        ]
      ],
      [
        "$0.79",
        0.9803102612495422
      ]
    ],
    [
      [
        [
          29.0,
          508.0
        ],
        [
          563.0,
          504.0
        ],
        [
          563.0,
          544.0
        ],
        [
          30.0,
          548.0
        ]
      ],
      [
        "CANADIAN HOT HOUSE TOATOES",
        0.9575110673904419
      ]
    ],
    [
      [
        [
          46.0,
          557.0
        ],
        [
          404.0,
          555.0
        ],
        [
          405.0,
          594.0
        ],
        [
          46.0,
          596.0
        ]
      ],
      [
        "1.311b@$2.49/1b",
        0.9673364162445068
      ]
    ],
    [
      [
        [
          679.0,
          552.0
        ],
        [
          789.0,
          547.0
        ],
        [
          791.0,
          596.0
        ],
        [
          681.0,
          600.0
        ]
      ],
      [
        "$3.26",
        0.9895259737968445
      ]
    ],
    [
      [
        [
          30.0,
          607.0
        ],
        [
          211.0,
          607.0
        ],
        [
          211.0,
          647.0
        ],
        [
          30.0,
          647.0
        ]
      ],
      [
        "TOMATILLO",
        0.9970317482948303
      ]
    ],
    [
      [
        [
          44.0,
          656.0
        ],
        [
          404.0,
          652.0
        ],
        [
          405.0,
          691.0
        ],
        [
          45.0,
          695.0
        ]
      ],
      [
        "0.941b@$3.99/1b",
        0.9511541724205017
      ]
    ],
    [
      [
        [
          679.0,
          649.0
        ],
        [
          791.0,
          644.0
        ],
        [
          793.0,
          693.0
        ],
        [
          681.0,
          698.0
        ]
      ],
      [
        "$3.75",
        0.9896789789199829
      ]
    ],
    [
      [
        [
          30.0,
          705.0
        ],
        [
          292.0,
          705.0
        ],
        [
          292.0,
          744.0
        ],
        [
          30.0,
          744.0
        ]
      ],
      [
        "Miscellaneous",
        0.9823868870735168
      ]
    ],
    [
      [
        [
          28.0,
          753.0
        ],
        [
          212.0,
          753.0
        ],
        [
